2|Milan|Milanovic|Male|1900-01-01|065416584|milan@gmail.com|milan123|0|English,English|A2,B2|1900-01-01|0|6
6|Jana|Janjic|Female|1999-11-18|0658941358|maja@gmail.com|maja1234|0|English,Japanese,German|B1,A2,C2|2024-01-01|0|4
7|Janko|Jankovic|Male|1975-10-04|0659841468|janko@gmail.com|janko123|0|English,German|B1,A1|2000-04-01|0|4,9,10,11
8|Marko|Matkovic|Male|1964-01-01|065894187|marko@gmail.com|marko123|0|English,English,English|B2,C1,A2|2023-01-01|0|
9|Jovana|Jovanovic|Female|1975-11-21|065785219|jovana@gmail.com|jovana123|0|French,French,French|B2,C1,C2|2002-05-01|0|
11|Andrija|Andrijasevic|Male|1986-01-01|0665846555|andrija@gmail.com|andrija123|0|German,German,English|A2,B1,B1|2020-01-01|0|